filename,width,height,class,xmin,ymin,xmax,ymax
2012-09-14_09_11_11.jpg,1280,720,occupied,103,491,149,562
2012-09-14_09_11_11.jpg,1280,720,occupied,160,485,210,559
2012-09-14_09_11_11.jpg,1280,720,occupied,309,485,353,570
2012-09-14_09_11_11.jpg,1280,720,occupied,361,493,407,559
2012-09-14_09_11_11.jpg,1280,720,occupied,630,489,669,566
2012-09-14_09_11_11.jpg,1280,720,occupied,737,489,785,566
2012-09-14_09_11_11.jpg,1280,720,occupied,906,491,958,569
2012-09-14_09_11_11.jpg,1280,720,occupied,24,413,58,468
2012-09-14_09_11_11.jpg,1280,720,occupied,67,410,103,471
2012-09-14_09_11_11.jpg,1280,720,occupied,108,413,137,475
2012-09-14_09_11_11.jpg,1280,720,occupied,132,416,192,480
2012-09-14_09_11_11.jpg,1280,720,occupied,217,422,266,482
2012-09-14_09_11_11.jpg,1280,720,occupied,257,418,305,492
2012-09-14_09_11_11.jpg,1280,720,occupied,367,413,405,481
2012-09-14_09_11_11.jpg,1280,720,occupied,402,417,456,488
2012-09-14_09_11_11.jpg,1280,720,occupied,451,414,495,480
2012-09-14_09_11_11.jpg,1280,720,occupied,495,417,545,486
2012-09-14_09_11_11.jpg,1280,720,occupied,542,419,583,481
2012-09-14_09_11_11.jpg,1280,720,occupied,587,415,624,487
2012-09-14_09_11_11.jpg,1280,720,occupied,628,421,675,487
2012-09-14_09_11_11.jpg,1280,720,occupied,671,416,719,485
2012-09-14_09_11_11.jpg,1280,720,occupied,717,408,767,488
2012-09-14_09_11_11.jpg,1280,720,occupied,765,410,810,489
2012-09-14_09_11_11.jpg,1280,720,occupied,854,417,901,500
2012-09-14_09_11_11.jpg,1280,720,occupied,905,416,951,494
2012-09-14_09_11_11.jpg,1280,720,occupied,956,415,998,489
2012-09-14_09_11_11.jpg,1280,720,occupied,1006,417,1046,495
2012-09-14_09_11_11.jpg,1280,720,occupied,1056,418,1095,495
2012-09-14_09_11_11.jpg,1280,720,occupied,34,267,64,311
2012-09-14_09_11_11.jpg,1280,720,occupied,51,272,107,305
2012-09-14_09_11_11.jpg,1280,720,occupied,130,270,161,310
2012-09-14_09_11_11.jpg,1280,720,occupied,167,265,198,311
2012-09-14_09_11_11.jpg,1280,720,occupied,307,270,338,315
2012-09-14_09_11_11.jpg,1280,720,occupied,278,307,318,369
2012-09-14_09_11_11.jpg,1280,720,occupied,362,307,397,363
2012-09-14_09_11_11.jpg,1280,720,occupied,471,259,509,316
2012-09-14_09_11_11.jpg,1280,720,occupied,514,261,539,310
2012-09-14_09_11_11.jpg,1280,720,occupied,578,258,612,311
2012-09-14_09_11_11.jpg,1280,720,occupied,609,305,649,369
2012-09-14_09_11_11.jpg,1280,720,occupied,540,304,573,372
2012-09-14_09_11_11.jpg,1280,720,occupied,419,305,456,366
2012-09-14_09_11_11.jpg,1280,720,occupied,646,308,688,367
2012-09-14_09_11_11.jpg,1280,720,occupied,685,308,730,371
2012-09-14_09_11_11.jpg,1280,720,occupied,724,310,767,379
2012-09-14_09_11_11.jpg,1280,720,Free,1,505,75,569
2012-09-14_09_11_11.jpg,1280,720,Free,41,505,113,581
2012-09-14_09_11_11.jpg,1280,720,Free,194,507,273,568
2012-09-14_09_11_11.jpg,1280,720,Free,240,500,317,573
2012-09-14_09_11_11.jpg,1280,720,Free,408,503,479,572
2012-09-14_09_11_11.jpg,1280,720,Free,460,502,533,576
2012-09-14_09_11_11.jpg,1280,720,Free,514,500,584,580
2012-09-14_09_11_11.jpg,1280,720,Free,567,504,630,585
2012-09-14_09_11_11.jpg,1280,720,Free,679,504,740,587
2012-09-14_09_11_11.jpg,1280,720,Free,800,486,853,589
2012-09-14_09_11_11.jpg,1280,720,Free,853,499,903,587
2012-09-14_09_11_11.jpg,1280,720,Free,806,406,864,483
2012-09-14_09_11_11.jpg,1280,720,Free,701,150,745,184
2012-09-14_09_11_11.jpg,1280,720,Free,347,650,428,720
2012-09-14_09_11_11.jpg,1280,720,Free,412,647,491,720
2012-09-14_09_11_11.jpg,1280,720,Free,6,645,94,712
2012-09-19_07_45_52.jpg,1280,720,occupied,291,419,358,480
2012-09-19_07_45_52.jpg,1280,720,occupied,356,416,417,483
2012-09-19_07_45_52.jpg,1280,720,occupied,445,418,507,486
2012-09-19_07_45_52.jpg,1280,720,occupied,578,418,637,487
2012-09-19_07_45_52.jpg,1280,720,occupied,672,415,722,491
2012-09-19_07_45_52.jpg,1280,720,occupied,762,416,812,493
2012-09-19_07_45_52.jpg,1280,720,occupied,853,411,901,491
2012-09-19_07_45_52.jpg,1280,720,occupied,945,422,995,492
2012-09-19_07_45_52.jpg,1280,720,occupied,684,309,729,367
2012-09-19_07_45_52.jpg,1280,720,occupied,1043,421,1105,492
2012-09-19_07_45_52.jpg,1280,720,occupied,846,301,904,369
2012-09-19_07_45_52.jpg,1280,720,occupied,565,300,606,365
2012-09-19_07_45_52.jpg,1280,720,occupied,532,186,563,233
2012-09-19_07_45_52.jpg,1280,720,occupied,217,416,246,478
2012-09-19_07_45_52.jpg,1280,720,occupied,877,172,919,226
2012-09-19_07_45_52.jpg,1280,720,occupied,699,182,739,231
2012-09-19_07_45_52.jpg,1280,720,occupied,597,182,634,232
2012-09-19_07_45_52.jpg,1280,720,occupied,769,78,812,127
2012-09-19_07_45_52.jpg,1280,720,occupied,862,77,907,122
2012-09-19_07_45_52.jpg,1280,720,occupied,945,176,1000,229
2012-09-19_07_45_52.jpg,1280,720,occupied,620,86,654,131
2012-09-19_07_45_52.jpg,1280,720,occupied,1019,179,1068,226
2012-09-19_07_45_52.jpg,1280,720,occupied,376,186,424,229
2012-09-19_07_45_52.jpg,1280,720,occupied,276,187,323,228
2012-09-19_07_45_52.jpg,1280,720,occupied,524,90,562,127
2012-09-19_07_45_52.jpg,1280,720,occupied,681,82,715,122
2012-09-19_07_45_52.jpg,1280,720,occupied,937,77,967,122
2012-09-19_07_45_52.jpg,1280,720,occupied,393,92,438,131
2012-09-19_07_45_52.jpg,1280,720,occupied,255,94,292,128
2012-09-19_07_45_52.jpg,1280,720,occupied,267,307,322,365
2012-09-19_07_45_52.jpg,1280,720,occupied,90,305,147,364
2012-09-19_07_45_52.jpg,1280,720,occupied,90,191,140,230
2012-09-19_07_45_52.jpg,1280,720,occupied,202,95,241,130
2012-09-19_07_45_52.jpg,1280,720,occupied,197,305,252,363
2012-09-19_07_45_52.jpg,1280,720,occupied,408,303,455,358
2012-09-19_07_45_52.jpg,1280,720,occupied,480,154,513,184
2012-09-19_07_45_52.jpg,1280,720,occupied,203,154,248,187
2012-09-19_07_45_52.jpg,1280,720,occupied,669,140,705,189
2012-09-19_07_45_52.jpg,1280,720,occupied,809,137,848,185
2012-09-19_07_45_52.jpg,1280,720,occupied,937,310,978,370
2012-09-19_07_45_52.jpg,1280,720,occupied,840,257,888,302
2012-09-19_07_45_52.jpg,1280,720,occupied,919,261,974,308
2012-09-19_07_45_52.jpg,1280,720,Free,38,505,114,561
2012-09-19_07_45_52.jpg,1280,720,Free,82,500,160,567
2012-09-19_07_45_52.jpg,1280,720,Free,189,505,276,565
2012-09-19_07_45_52.jpg,1280,720,Free,295,504,373,563
2012-09-19_07_45_52.jpg,1280,720,Free,408,505,478,576
2012-09-19_07_45_52.jpg,1280,720,Free,517,505,585,573
2012-09-19_07_45_52.jpg,1280,720,Free,628,503,686,582
2012-09-19_07_45_52.jpg,1280,720,Free,797,505,853,587
2012-09-19_07_45_52.jpg,1280,720,Free,914,504,968,595
2012-09-19_07_45_52.jpg,1280,720,Free,1018,510,1106,598
2012-09-19_07_45_52.jpg,1280,720,Free,6,646,87,699
2012-09-19_07_45_52.jpg,1280,720,Free,176,644,257,711
2012-09-19_07_45_52.jpg,1280,720,Free,289,646,370,715
2012-09-19_07_45_52.jpg,1280,720,Free,403,645,491,720
2012-09-19_07_45_52.jpg,1280,720,Free,528,645,616,714
2012-09-19_07_45_52.jpg,1280,720,Free,660,641,733,719
2012-09-19_07_45_52.jpg,1280,720,Free,789,640,872,714
2012-09-19_07_45_52.jpg,1280,720,Free,914,639,990,717
2012-09-19_07_50_52.jpg,1280,720,occupied,728,489,798,580
2012-09-19_07_50_52.jpg,1280,720,occupied,804,416,861,493
2012-09-19_07_50_52.jpg,1280,720,occupied,898,417,957,496
2012-09-19_07_50_52.jpg,1280,720,occupied,990,416,1058,498
2012-09-19_07_50_52.jpg,1280,720,occupied,411,408,440,483
2012-09-19_07_50_52.jpg,1280,720,occupied,495,413,539,474
2012-09-19_07_50_52.jpg,1280,720,occupied,579,411,633,475
2012-09-19_07_50_52.jpg,1280,720,occupied,675,411,716,479
2012-09-19_07_50_52.jpg,1280,720,occupied,441,306,497,364
2012-09-19_07_50_52.jpg,1280,720,occupied,563,305,616,363
2012-09-19_07_50_52.jpg,1280,720,occupied,681,311,730,368
2012-09-19_07_50_52.jpg,1280,720,occupied,767,306,806,370
2012-09-19_07_50_52.jpg,1280,720,occupied,559,184,606,232
2012-09-19_07_50_52.jpg,1280,720,occupied,666,182,704,234
2012-09-19_07_50_52.jpg,1280,720,occupied,732,184,774,234
2012-09-19_07_50_52.jpg,1280,720,occupied,807,179,847,236
2012-09-19_07_50_52.jpg,1280,720,occupied,880,176,919,241
2012-09-19_07_50_52.jpg,1280,720,occupied,370,189,423,238
2012-09-19_07_50_52.jpg,1280,720,occupied,150,189,199,237
2012-09-19_07_50_52.jpg,1280,720,occupied,214,189,260,238
2012-09-19_07_50_52.jpg,1280,720,occupied,487,152,512,185
2012-09-19_07_50_52.jpg,1280,720,occupied,684,81,720,130
2012-09-19_07_50_52.jpg,1280,720,occupied,591,89,623,131
2012-09-19_07_50_52.jpg,1280,720,occupied,502,85,529,137
2012-09-19_07_50_52.jpg,1280,720,occupied,862,77,911,126
2012-09-19_07_50_52.jpg,1280,720,occupied,929,75,976,122
2012-09-19_07_50_52.jpg,1280,720,occupied,398,87,429,131
2012-09-19_07_50_52.jpg,1280,720,occupied,199,98,240,135
2012-09-19_07_50_52.jpg,1280,720,occupied,440,16,476,59
2012-09-19_07_50_52.jpg,1280,720,occupied,1043,259,1095,305
2012-09-19_07_50_52.jpg,1280,720,occupied,146,97,184,137
2012-09-19_07_50_52.jpg,1280,720,occupied,279,90,319,135
2012-09-19_07_50_52.jpg,1280,720,occupied,556,16,590,50
2012-09-19_07_50_52.jpg,1280,720,occupied,289,417,352,483
2012-09-19_07_50_52.jpg,1280,720,occupied,95,412,154,472
2012-09-19_07_50_52.jpg,1280,720,occupied,196,310,251,362
2012-09-19_07_50_52.jpg,1280,720,occupied,54,305,116,360
2012-09-19_07_50_52.jpg,1280,720,Free,38,506,115,570
2012-09-19_07_50_52.jpg,1280,720,Free,190,502,271,566
2012-09-19_07_50_52.jpg,1280,720,Free,296,500,369,566
2012-09-19_07_50_52.jpg,1280,720,Free,406,503,478,570
2012-09-19_07_50_52.jpg,1280,720,Free,349,505,425,579
2012-09-19_07_50_52.jpg,1280,720,Free,512,504,584,573
2012-09-19_07_50_52.jpg,1280,720,Free,627,505,688,573
2012-09-19_07_50_52.jpg,1280,720,Free,853,508,908,583
2012-09-19_07_50_52.jpg,1280,720,Free,8,644,86,699
2012-09-19_07_50_52.jpg,1280,720,Free,174,643,251,711
2012-09-19_07_50_52.jpg,1280,720,Free,291,647,370,707
2012-09-19_07_50_52.jpg,1280,720,Free,412,643,492,711
2012-09-19_07_50_52.jpg,1280,720,Free,534,640,612,715
2012-09-19_07_50_52.jpg,1280,720,Free,661,642,734,717
2012-09-19_07_50_52.jpg,1280,720,Free,973,501,1034,588
2012-09-19_07_50_52.jpg,1280,720,Free,846,639,930,714
2012-09-19_10_23_28.jpg,1280,720,Free,39,502,115,560
2012-09-19_10_23_28.jpg,1280,720,Free,192,504,273,566
2012-09-19_10_23_28.jpg,1280,720,Free,294,504,371,572
2012-09-19_10_23_28.jpg,1280,720,Free,404,508,485,569
2012-09-19_10_23_28.jpg,1280,720,Free,515,502,583,570
2012-09-19_10_23_28.jpg,1280,720,Free,679,504,736,578
2012-09-19_10_23_28.jpg,1280,720,Free,796,510,853,578
2012-09-19_10_23_28.jpg,1280,720,Free,911,512,972,581
2012-09-19_10_23_28.jpg,1280,720,Free,3,645,91,703
2012-09-19_10_23_28.jpg,1280,720,Free,229,647,310,709
2012-09-19_10_23_28.jpg,1280,720,Free,351,650,423,714
2012-09-19_10_23_28.jpg,1280,720,Free,409,645,486,713
2012-09-19_10_23_28.jpg,1280,720,Free,597,644,670,718
2012-09-19_10_23_28.jpg,1280,720,Free,726,653,793,712
2012-09-19_10_23_28.jpg,1280,720,Free,884,308,942,368
2012-09-19_10_23_28.jpg,1280,720,Free,842,256,889,315
2012-09-19_10_23_28.jpg,1280,720,Free,643,314,694,370
2012-09-19_10_23_28.jpg,1280,720,Free,892,83,945,130
2012-09-19_10_23_28.jpg,1280,720,Free,767,50,813,89
2012-09-19_10_23_28.jpg,1280,720,Free,313,98,346,135
2012-09-19_10_23_28.jpg,1280,720,Free,124,272,172,316
2012-09-19_10_23_28.jpg,1280,720,occupied,96,637,177,710
2012-09-19_10_23_28.jpg,1280,720,occupied,138,483,220,566
2012-09-19_10_23_28.jpg,1280,720,occupied,623,487,684,584
2012-09-19_10_23_28.jpg,1280,720,occupied,733,491,801,589
2012-09-19_10_23_28.jpg,1280,720,occupied,290,413,357,475
2012-09-19_10_23_28.jpg,1280,720,occupied,403,411,461,479
2012-09-19_10_23_28.jpg,1280,720,occupied,483,307,540,368
2012-09-19_10_23_28.jpg,1280,720,occupied,722,307,773,369
2012-09-19_10_23_28.jpg,1280,720,occupied,801,305,859,369
2012-09-19_10_23_28.jpg,1280,720,occupied,309,313,360,361
2012-09-19_10_23_28.jpg,1280,720,occupied,971,312,1036,369
2012-09-19_10_23_28.jpg,1280,720,occupied,580,416,634,477
2012-09-19_10_23_28.jpg,1280,720,occupied,671,421,723,483
2012-09-19_10_23_28.jpg,1280,720,occupied,898,416,951,491
2012-09-19_10_23_28.jpg,1280,720,occupied,992,415,1059,483
2012-09-19_10_23_28.jpg,1280,720,occupied,96,412,153,469
2012-09-19_10_23_28.jpg,1280,720,occupied,234,305,288,366
2012-09-19_10_23_28.jpg,1280,720,occupied,364,260,421,314
2012-09-19_10_23_28.jpg,1280,720,occupied,595,188,637,235
2012-09-19_10_23_28.jpg,1280,720,occupied,731,184,777,237
2012-09-19_10_23_28.jpg,1280,720,occupied,921,259,977,311
2012-09-19_10_23_28.jpg,1280,720,occupied,1036,419,1106,489
2012-09-19_10_23_28.jpg,1280,720,occupied,531,89,558,127
2012-09-19_10_23_28.jpg,1280,720,occupied,590,90,625,134
2012-09-19_10_23_28.jpg,1280,720,occupied,683,84,717,123
2012-09-19_10_23_28.jpg,1280,720,occupied,834,83,876,125
2012-09-19_10_58_30.jpg,1280,720,occupied,142,491,217,557
2012-09-19_10_58_30.jpg,1280,720,occupied,627,494,683,577
2012-09-19_10_58_30.jpg,1280,720,occupied,734,494,798,565
2012-09-19_10_58_30.jpg,1280,720,occupied,165,642,257,708
2012-09-19_10_58_30.jpg,1280,720,occupied,480,649,541,720
2012-09-19_10_58_30.jpg,1280,720,occupied,493,191,536,235
2012-09-19_10_58_30.jpg,1280,720,occupied,598,184,636,228
2012-09-19_10_58_30.jpg,1280,720,occupied,666,181,706,229
2012-09-19_10_58_30.jpg,1280,720,occupied,734,185,773,227
2012-09-19_10_58_30.jpg,1280,720,occupied,844,181,879,232
2012-09-19_10_58_30.jpg,1280,720,occupied,895,75,946,122
2012-09-19_10_58_30.jpg,1280,720,occupied,285,85,315,135
2012-09-19_10_58_30.jpg,1280,720,occupied,395,91,439,131
2012-09-19_10_58_30.jpg,1280,720,occupied,376,189,425,233
2012-09-19_10_58_30.jpg,1280,720,occupied,213,189,253,229
2012-09-19_10_58_30.jpg,1280,720,occupied,680,82,717,122
2012-09-19_10_58_30.jpg,1280,720,occupied,998,78,1039,125
2012-09-19_10_58_30.jpg,1280,720,occupied,608,17,645,50
2012-09-19_10_58_30.jpg,1280,720,occupied,278,189,323,233
2012-09-19_10_58_30.jpg,1280,720,occupied,804,83,840,126
2012-09-19_10_58_30.jpg,1280,720,occupied,687,264,736,316
2012-09-19_10_58_30.jpg,1280,720,occupied,615,263,654,311
2012-09-19_10_58_30.jpg,1280,720,occupied,469,258,505,315
2012-09-19_10_58_30.jpg,1280,720,occupied,157,272,212,316
2012-09-19_10_58_30.jpg,1280,720,occupied,747,11,786,45
2012-09-19_10_58_30.jpg,1280,720,occupied,827,5,871,42
2012-09-19_10_58_30.jpg,1280,720,occupied,909,5,951,40
2012-09-19_10_58_30.jpg,1280,720,occupied,560,87,595,133
2012-09-19_10_58_30.jpg,1280,720,Free,3,506,73,560
2012-09-19_10_58_30.jpg,1280,720,Free,80,504,162,565
2012-09-19_10_58_30.jpg,1280,720,Free,193,505,267,561
2012-09-19_10_58_30.jpg,1280,720,Free,242,506,318,561
2012-09-19_10_58_30.jpg,1280,720,Free,297,508,370,566
2012-09-19_10_58_30.jpg,1280,720,Free,193,274,249,312
2012-09-19_10_58_30.jpg,1280,720,Free,502,265,550,311
2012-09-19_10_58_30.jpg,1280,720,Free,680,318,733,366
2012-09-19_10_58_30.jpg,1280,720,Free,763,264,810,316
2012-09-19_10_58_30.jpg,1280,720,Free,838,508,924,571
2012-09-19_10_58_30.jpg,1280,720,Free,479,154,512,194
2012-09-19_10_58_30.jpg,1280,720,Free,309,99,354,135
2012-09-19_10_58_30.jpg,1280,720,Free,334,99,378,136
2012-09-19_10_58_30.jpg,1280,720,Free,771,54,812,95
2012-09-19_10_58_30.jpg,1280,720,Free,802,146,845,195
2012-09-19_10_58_30.jpg,1280,720,Free,696,150,748,200
2012-09-19_10_58_30.jpg,1280,720,Free,562,188,606,237
2012-09-19_10_58_30.jpg,1280,720,Free,121,317,178,361
2012-09-19_10_58_30.jpg,1280,720,Free,948,54,995,89
2012-09-19_10_58_30.jpg,1280,720,Free,446,62,477,101
2012-09-19_10_58_30.jpg,1280,720,Free,374,1,407,27
2012-09-19_10_58_30.jpg,1280,720,Free,420,1,454,30
2012-09-19_10_58_30.jpg,1280,720,Free,348,655,430,715
2012-09-19_10_58_30.jpg,1280,720,Free,286,648,372,711
2012-09-19_10_58_30.jpg,1280,720,Free,59,641,131,704
2012-09-19_10_58_30.jpg,1280,720,Free,134,416,181,466
2012-09-19_10_58_30.jpg,1280,720,Free,140,105,182,139
2012-09-19_10_58_30.jpg,1280,720,Free,9,204,43,234
2012-09-19_10_58_30.jpg,1280,720,occupied,955,173,995,236
2012-09-19_11_03_30.jpg,1280,720,occupied,834,85,873,125
2012-09-19_11_03_30.jpg,1280,720,occupied,895,77,939,124
2012-09-19_11_03_30.jpg,1280,720,occupied,962,79,1005,124
2012-09-19_11_03_30.jpg,1280,720,occupied,423,89,463,126
2012-09-19_11_03_30.jpg,1280,720,occupied,526,87,565,131
2012-09-19_11_03_30.jpg,1280,720,occupied,596,184,639,228
2012-09-19_11_03_30.jpg,1280,720,occupied,700,185,740,224
2012-09-19_11_03_30.jpg,1280,720,occupied,805,183,845,227
2012-09-19_11_03_30.jpg,1280,720,occupied,712,80,748,123
2012-09-19_11_03_30.jpg,1280,720,occupied,586,90,627,130
2012-09-19_11_03_30.jpg,1280,720,occupied,664,11,700,47
2012-09-19_11_03_30.jpg,1280,720,occupied,166,98,218,133
2012-09-19_11_03_30.jpg,1280,720,occupied,294,154,339,186
2012-09-19_11_03_30.jpg,1280,720,occupied,365,261,425,309
2012-09-19_11_03_30.jpg,1280,720,occupied,462,261,520,307
2012-09-19_11_03_30.jpg,1280,720,occupied,147,189,195,231
2012-09-19_11_03_30.jpg,1280,720,occupied,880,177,915,231
2012-09-19_11_03_30.jpg,1280,720,occupied,984,415,1063,494
2012-09-19_11_03_30.jpg,1280,720,occupied,580,417,630,481
2012-09-19_11_03_30.jpg,1280,720,occupied,642,307,690,365
2012-09-19_11_03_30.jpg,1280,720,occupied,722,306,770,364
2012-09-19_11_03_30.jpg,1280,720,occupied,950,173,1005,230
2012-09-19_11_03_30.jpg,1280,720,Free,558,189,604,235
2012-09-19_11_03_30.jpg,1280,720,Free,191,272,250,311
2012-09-19_11_03_30.jpg,1280,720,Free,119,315,178,366
2012-09-19_11_03_30.jpg,1280,720,Free,157,418,223,477
2012-09-19_11_03_30.jpg,1280,720,Free,127,420,187,472
2012-09-19_11_03_30.jpg,1280,720,Free,504,261,550,312
2012-09-19_11_03_30.jpg,1280,720,Free,647,263,696,314
2012-09-19_11_03_30.jpg,1280,720,Free,762,261,812,309
2012-09-19_11_03_30.jpg,1280,720,Free,799,142,848,185
2012-09-19_11_03_30.jpg,1280,720,Free,478,152,516,190
2012-09-19_11_03_30.jpg,1280,720,Free,306,97,351,130
2012-09-19_11_03_30.jpg,1280,720,Free,334,98,379,139
2012-09-19_11_03_30.jpg,1280,720,Free,199,92,240,139
2012-09-19_11_03_30.jpg,1280,720,Free,409,16,449,52
2012-09-19_11_03_30.jpg,1280,720,Free,609,20,648,51
2012-09-19_11_03_30.jpg,1280,720,Free,690,19,723,48
2012-09-19_11_03_30.jpg,1280,720,Free,773,11,812,49
2012-09-19_11_03_30.jpg,1280,720,Free,701,147,740,188
2012-09-19_11_03_30.jpg,1280,720,Free,639,149,675,191
2012-09-19_11_03_30.jpg,1280,720,Free,234,256,272,317
2012-09-19_11_03_30.jpg,1280,720,Free,241,505,315,565
2012-09-19_11_03_30.jpg,1280,720,Free,349,507,428,566
2012-09-19_11_03_30.jpg,1280,720,Free,462,508,531,569
2012-09-19_11_03_30.jpg,1280,720,Free,573,507,634,572
2012-09-19_11_03_30.jpg,1280,720,Free,796,501,851,579
2012-09-19_11_03_30.jpg,1280,720,Free,910,504,964,577
2012-09-19_11_03_30.jpg,1280,720,Free,87,510,162,561
2012-09-19_11_03_30.jpg,1280,720,Free,533,66,579,95
2012-09-19_11_03_30.jpg,1280,720,Free,628,63,660,92
2012-09-19_11_03_30.jpg,1280,720,Free,770,57,811,87
2012-09-19_11_03_30.jpg,1280,720,Free,955,49,992,86
2012-09-19_11_03_30.jpg,1280,720,Free,970,6,1017,49
2012-09-19_11_03_30.jpg,1280,720,Free,227,651,312,716
2012-09-19_11_03_30.jpg,1280,720,Free,681,314,727,371
2012-09-19_11_23_31.jpg,1280,720,Free,86,506,161,560
2012-09-19_11_23_31.jpg,1280,720,Free,129,319,175,360
2012-09-19_11_23_31.jpg,1280,720,Free,197,320,247,365
2012-09-19_11_23_31.jpg,1280,720,Free,489,316,538,364
2012-09-19_11_23_31.jpg,1280,720,Free,641,317,690,361
2012-09-19_11_23_31.jpg,1280,720,Free,684,319,730,366
2012-09-19_11_23_31.jpg,1280,720,Free,502,272,551,315
2012-09-19_11_23_31.jpg,1280,720,Free,461,272,518,314
2012-09-19_11_23_31.jpg,1280,720,Free,229,270,279,314
2012-09-19_11_23_31.jpg,1280,720,Free,194,273,251,309
2012-09-19_11_23_31.jpg,1280,720,Free,369,270,421,313
2012-09-19_11_23_31.jpg,1280,720,Free,652,269,696,311
2012-09-19_11_23_31.jpg,1280,720,Free,763,266,812,311
2012-09-19_11_23_31.jpg,1280,720,Free,928,316,981,366
2012-09-19_11_23_31.jpg,1280,720,Free,920,266,978,316
2012-09-19_11_23_31.jpg,1280,720,Free,873,189,920,229
2012-09-19_11_23_31.jpg,1280,720,Free,732,190,777,234
2012-09-19_11_23_31.jpg,1280,720,Free,597,195,635,231
2012-09-19_11_23_31.jpg,1280,720,Free,560,194,608,238
2012-09-19_11_23_31.jpg,1280,720,Free,524,194,572,235
2012-09-19_11_23_31.jpg,1280,720,Free,343,196,387,233
2012-09-19_11_23_31.jpg,1280,720,Free,179,198,229,239
2012-09-19_11_23_31.jpg,1280,720,Free,151,196,206,235
2012-09-19_11_23_31.jpg,1280,720,Free,95,199,135,235
2012-09-19_11_23_31.jpg,1280,720,Free,58,201,115,238
2012-09-19_11_23_31.jpg,1280,720,Free,120,109,156,139
2012-09-19_11_23_31.jpg,1280,720,Free,201,105,237,139
2012-09-19_11_23_31.jpg,1280,720,Free,281,109,327,139
2012-09-19_11_23_31.jpg,1280,720,Free,311,101,353,142
2012-09-19_11_23_31.jpg,1280,720,Free,423,103,466,136
2012-09-19_11_23_31.jpg,1280,720,Free,451,105,496,139
2012-09-19_11_23_31.jpg,1280,720,Free,559,99,597,139
2012-09-19_11_23_31.jpg,1280,720,Free,609,101,658,137
2012-09-19_11_23_31.jpg,1280,720,Free,707,94,748,133
2012-09-19_11_23_31.jpg,1280,720,Free,802,92,838,129
2012-09-19_11_23_31.jpg,1280,720,Free,992,91,1034,123
2012-09-19_11_23_31.jpg,1280,720,Free,981,54,1020,80
2012-09-19_11_23_31.jpg,1280,720,Free,830,57,867,91
2012-09-19_11_23_31.jpg,1280,720,Free,773,56,807,89
2012-09-19_11_23_31.jpg,1280,720,Free,625,59,659,101
2012-09-19_11_23_31.jpg,1280,720,Free,658,56,695,94
2012-09-19_11_23_31.jpg,1280,720,Free,439,66,472,105
2012-09-19_11_23_31.jpg,1280,720,Free,425,150,467,193
2012-09-19_11_23_31.jpg,1280,720,Free,473,157,517,191
2012-09-19_11_23_31.jpg,1280,720,Free,506,153,551,196
2012-09-19_11_23_31.jpg,1280,720,Free,636,150,678,190
2012-09-19_11_23_31.jpg,1280,720,Free,701,150,742,198
2012-09-19_11_23_31.jpg,1280,720,Free,801,150,845,186
2012-09-19_11_23_31.jpg,1280,720,Free,544,59,572,98
2012-09-19_11_23_31.jpg,1280,720,Free,333,30,372,60
2012-09-19_11_23_31.jpg,1280,720,Free,234,34,273,61
2012-09-19_11_23_31.jpg,1280,720,Free,489,27,525,55
2012-09-19_11_23_31.jpg,1280,720,Free,775,16,806,47
2012-09-19_11_23_31.jpg,1280,720,Free,412,26,447,56
2012-09-19_11_23_31.jpg,1280,720,Free,887,50,932,83
2012-09-19_11_23_31.jpg,1280,720,occupied,406,308,459,362
2012-09-19_11_23_31.jpg,1280,720,occupied,560,304,612,368
2012-09-19_11_23_31.jpg,1280,720,occupied,760,307,813,371
2012-09-19_11_23_31.jpg,1280,720,occupied,851,302,895,372
2012-09-19_11_23_31.jpg,1280,720,occupied,1014,307,1076,372
2012-09-19_11_23_31.jpg,1280,720,occupied,492,415,551,485
2012-09-19_11_23_31.jpg,1280,720,occupied,294,415,351,477
2012-09-19_11_23_31.jpg,1280,720,occupied,98,413,162,468
2012-09-19_11_23_31.jpg,1280,720,occupied,9,406,73,466
2012-09-19_11_23_31.jpg,1280,720,occupied,807,417,860,483
2012-09-19_11_23_31.jpg,1280,720,occupied,895,421,958,479
2012-09-19_11_23_31.jpg,1280,720,occupied,579,417,635,482
2012-09-19_11_23_31.jpg,1280,720,occupied,674,418,722,482
2012-09-19_11_23_31.jpg,1280,720,occupied,990,416,1059,491
2012-09-19_11_23_31.jpg,1280,720,occupied,802,177,850,231
2012-09-19_11_23_31.jpg,1280,720,occupied,982,181,1037,227
2012-09-19_11_23_31.jpg,1280,720,occupied,926,77,972,123
2012-09-19_11_23_31.jpg,1280,720,occupied,584,17,618,50
2012-09-21_07_30_14.jpg,1280,720,Free,485,325,537,366
2012-09-21_07_30_14.jpg,1280,720,Free,307,326,362,361
2012-09-21_07_30_14.jpg,1280,720,Free,192,320,247,361
2012-09-21_07_30_14.jpg,1280,720,Free,562,322,609,369
2012-09-21_07_30_14.jpg,1280,720,Free,308,201,353,236
2012-09-21_07_30_14.jpg,1280,720,Free,187,205,223,238
2012-09-21_07_30_14.jpg,1280,720,Free,255,108,295,132
2012-09-21_07_30_14.jpg,1280,720,Free,312,105,347,132
2012-09-21_07_30_14.jpg,1280,720,Free,394,103,434,127
2012-09-21_07_30_14.jpg,1280,720,Free,529,102,569,133
2012-09-21_07_30_14.jpg,1280,720,Free,590,100,624,129
2012-09-21_07_30_14.jpg,1280,720,Free,647,99,687,133
2012-09-21_07_30_14.jpg,1280,720,Free,638,155,672,189
2012-09-21_07_30_14.jpg,1280,720,Free,501,271,549,311
2012-09-21_07_30_14.jpg,1280,720,Free,334,274,385,311
2012-09-21_07_30_14.jpg,1280,720,Free,375,201,417,232
2012-09-21_07_30_14.jpg,1280,720,Free,273,160,317,192
2012-09-21_07_30_14.jpg,1280,720,Free,362,160,401,189
2012-09-21_07_30_14.jpg,1280,720,Free,569,69,603,100
2012-09-21_07_30_14.jpg,1280,720,Free,722,319,773,365
2012-09-21_07_30_14.jpg,1280,720,Free,807,272,848,315
2012-09-21_07_30_14.jpg,1280,720,Free,888,318,935,368
2012-09-21_07_30_14.jpg,1280,720,Free,901,429,953,483
2012-09-21_07_30_14.jpg,1280,720,Free,578,422,637,477
2012-09-21_07_30_14.jpg,1280,720,occupied,355,416,419,478
2012-09-21_07_30_14.jpg,1280,720,occupied,601,316,651,366
2012-09-21_07_30_14.jpg,1280,720,occupied,573,150,617,193
2012-09-21_07_30_14.jpg,1280,720,occupied,474,150,521,189
2012-09-21_07_30_14.jpg,1280,720,occupied,148,194,206,238
2012-09-21_07_30_14.jpg,1280,720,occupied,171,409,229,471
2012-09-21_07_30_14.jpg,1280,720,occupied,255,415,312,469
2012-09-21_07_30_14.jpg,1280,720,occupied,412,311,461,360
2012-09-21_07_30_14.jpg,1280,720,occupied,92,305,152,358
2012-09-21_07_30_14.jpg,1280,720,occupied,446,420,506,472
2012-09-21_07_30_14.jpg,1280,720,occupied,456,93,500,134
2012-09-21_07_30_14.jpg,1280,720,occupied,179,161,229,194
2012-09-21_07_30_14.jpg,1280,720,occupied,334,22,367,58
2012-09-21_07_30_14.jpg,1280,720,occupied,747,12,779,44
2012-09-21_07_30_14.jpg,1280,720,occupied,691,14,724,44
2012-09-21_07_30_14.jpg,1280,720,occupied,188,265,251,312
2012-09-21_07_30_14.jpg,1280,720,occupied,21,311,86,359
2012-09-21_07_30_14.jpg,1280,720,occupied,262,261,316,312
2012-09-21_07_30_14.jpg,1280,720,occupied,800,8,837,48
2012-09-21_07_30_14.jpg,1280,720,occupied,15,400,76,466
2012-09-21_07_30_14.jpg,1280,720,occupied,392,156,441,191
2012-09-21_07_30_14.jpg,1280,720,occupied,266,28,290,54
2012-09-21_07_30_14.jpg,1280,720,occupied,388,22,417,53
2012-09-21_07_30_14.jpg,1280,720,occupied,33,191,82,233
2012-09-21_07_30_14.jpg,1280,720,occupied,652,64,690,100
2012-09-21_07_30_14.jpg,1280,720,occupied,579,19,617,56
2012-09-21_07_30_14.jpg,1280,720,occupied,440,21,467,49
2012-09-21_07_30_14.jpg,1280,720,occupied,173,100,206,135
2012-09-21_07_30_14.jpg,1280,720,occupied,326,150,374,192
2012-09-21_07_40_14.jpg,1280,720,occupied,722,307,774,361
2012-09-21_07_40_14.jpg,1280,720,occupied,605,315,652,361
2012-09-21_07_40_14.jpg,1280,720,occupied,445,308,498,366
2012-09-21_07_40_14.jpg,1280,720,occupied,272,308,330,361
2012-09-21_07_40_14.jpg,1280,720,occupied,195,305,251,367
2012-09-21_07_40_14.jpg,1280,720,occupied,129,305,183,358
2012-09-21_07_40_14.jpg,1280,720,occupied,163,267,209,309
2012-09-21_07_40_14.jpg,1280,720,occupied,492,189,545,224
2012-09-21_07_40_14.jpg,1280,720,occupied,373,258,418,311
2012-09-21_07_40_14.jpg,1280,720,occupied,562,94,596,128
2012-09-21_07_40_14.jpg,1280,720,occupied,648,80,689,127
2012-09-21_07_40_14.jpg,1280,720,occupied,714,56,750,93
2012-09-21_07_40_14.jpg,1280,720,occupied,926,45,961,83
2012-09-21_07_40_14.jpg,1280,720,occupied,455,91,496,130
2012-09-21_07_40_14.jpg,1280,720,occupied,213,188,256,229
2012-09-21_07_40_14.jpg,1280,720,occupied,25,306,75,355
2012-09-21_07_40_14.jpg,1280,720,occupied,120,193,165,236
2012-09-21_07_40_14.jpg,1280,720,occupied,239,153,280,189
2012-09-21_07_40_14.jpg,1280,720,occupied,271,148,312,186
2012-09-21_07_40_14.jpg,1280,720,occupied,365,92,403,137
2012-09-21_07_40_14.jpg,1280,720,occupied,431,150,465,188
2012-09-21_07_40_14.jpg,1280,720,occupied,360,19,395,51
2012-09-21_07_40_14.jpg,1280,720,occupied,228,94,265,133
2012-09-21_07_40_14.jpg,1280,720,occupied,773,55,809,88
2012-09-21_07_40_14.jpg,1280,720,occupied,834,56,863,86
2012-09-21_07_40_14.jpg,1280,720,occupied,859,48,903,93
2012-09-21_07_40_14.jpg,1280,720,occupied,744,10,781,46
2012-09-21_07_40_14.jpg,1280,720,occupied,556,16,586,55
2012-09-21_07_40_14.jpg,1280,720,occupied,693,13,725,47
2012-09-21_07_40_14.jpg,1280,720,occupied,343,186,386,231
2012-09-21_07_40_14.jpg,1280,720,occupied,264,269,311,307
2012-09-21_07_40_14.jpg,1280,720,occupied,956,54,1000,89
2012-09-21_07_40_14.jpg,1280,720,occupied,1029,4,1073,35
2012-09-21_07_40_14.jpg,1280,720,occupied,212,415,269,471
2012-09-21_07_40_14.jpg,1280,720,occupied,362,415,411,468
2012-09-21_07_40_14.jpg,1280,720,occupied,493,418,548,472
2012-09-21_07_40_14.jpg,1280,720,occupied,583,412,634,477
2012-09-21_07_40_14.jpg,1280,720,occupied,670,416,723,479
2012-09-21_07_40_14.jpg,1280,720,occupied,761,412,812,478
2012-09-21_07_40_14.jpg,1280,720,occupied,672,148,707,189
2012-09-21_07_40_14.jpg,1280,720,occupied,654,262,695,312
2012-09-21_07_40_14.jpg,1280,720,occupied,609,261,657,311
2012-09-21_07_40_14.jpg,1280,720,occupied,429,263,472,302
2012-09-21_07_40_14.jpg,1280,720,occupied,571,149,611,189
2012-09-21_07_40_14.jpg,1280,720,occupied,497,92,540,130
2012-09-21_07_40_14.jpg,1280,720,Free,767,190,812,227
2012-09-21_07_40_14.jpg,1280,720,Free,837,192,884,226
2012-09-21_07_40_14.jpg,1280,720,Free,908,191,959,219
2012-09-21_07_40_14.jpg,1280,720,Free,982,189,1033,223
2012-09-21_07_40_14.jpg,1280,720,Free,590,199,636,233
2012-09-21_07_40_14.jpg,1280,720,Free,664,194,705,227
2012-09-21_07_40_14.jpg,1280,720,Free,737,151,771,186
2012-09-21_07_40_14.jpg,1280,720,Free,591,96,625,131
2012-09-21_07_40_14.jpg,1280,720,Free,711,94,746,127
2012-09-21_07_40_14.jpg,1280,720,Free,773,94,806,123
2012-09-21_07_40_14.jpg,1280,720,Free,839,93,868,125
2012-09-21_07_40_14.jpg,1280,720,Free,985,54,1020,82
2012-09-21_07_40_14.jpg,1280,720,Free,972,319,1024,365
2012-09-21_07_40_14.jpg,1280,720,Free,717,419,764,483
2012-09-21_07_40_14.jpg,1280,720,Free,683,318,726,364
2012-09-21_07_50_15.jpg,1280,720,Free,807,427,857,478
2012-09-21_07_50_15.jpg,1280,720,Free,672,420,720,477
2012-09-21_07_50_15.jpg,1280,720,Free,765,319,812,366
2012-09-21_07_50_15.jpg,1280,720,Free,767,268,812,310
2012-09-21_07_50_15.jpg,1280,720,Free,946,427,1006,479
2012-09-21_07_50_15.jpg,1280,720,Free,929,322,982,361
2012-09-21_07_50_15.jpg,1280,720,Free,880,266,931,310
2012-09-21_07_50_15.jpg,1280,720,Free,910,190,957,226
2012-09-21_07_50_15.jpg,1280,720,Free,833,92,868,124
2012-09-21_07_50_15.jpg,1280,720,Free,801,149,845,183
2012-09-21_07_50_15.jpg,1280,720,Free,872,147,911,184
2012-09-21_07_50_15.jpg,1280,720,Free,945,148,983,185
2012-09-21_07_50_15.jpg,1280,720,Free,984,191,1030,229
2012-09-21_07_50_15.jpg,1280,720,Free,1001,272,1054,305
2012-09-21_07_50_15.jpg,1280,720,Free,958,89,1001,122
2012-09-21_07_50_15.jpg,1280,720,Free,1038,429,1106,488
2012-09-21_07_50_15.jpg,1280,720,Free,1012,324,1074,367
2012-09-21_07_50_15.jpg,1280,720,occupied,562,319,611,361
2012-09-21_07_50_15.jpg,1280,720,occupied,585,420,633,480
2012-09-21_07_50_15.jpg,1280,720,occupied,363,414,417,474
2012-09-21_07_50_15.jpg,1280,720,occupied,451,418,505,476
2012-09-21_07_50_15.jpg,1280,720,occupied,854,424,908,483
2012-09-21_07_50_15.jpg,1280,720,occupied,724,308,768,364
2012-09-21_07_50_15.jpg,1280,720,occupied,256,419,312,469
2012-09-21_07_50_15.jpg,1280,720,occupied,563,190,601,227
2012-09-21_07_50_15.jpg,1280,720,occupied,665,188,703,227
2012-09-21_07_50_15.jpg,1280,720,occupied,837,181,881,226
2012-09-21_07_50_15.jpg,1280,720,occupied,732,180,774,228
2012-09-21_07_50_15.jpg,1280,720,occupied,496,186,538,233
2012-09-21_07_50_15.jpg,1280,720,occupied,347,311,404,361
2012-09-21_07_50_15.jpg,1280,720,occupied,504,90,531,127
2012-09-21_07_50_15.jpg,1280,720,occupied,681,87,717,127
2012-09-21_07_50_15.jpg,1280,720,occupied,712,90,747,127
2012-09-21_07_50_15.jpg,1280,720,occupied,773,89,805,121
2012-09-21_07_50_15.jpg,1280,720,occupied,592,90,622,127
2012-09-21_07_50_15.jpg,1280,720,occupied,649,87,684,129
2012-09-21_07_50_15.jpg,1280,720,occupied,562,89,595,127
2012-09-21_07_50_15.jpg,1280,720,occupied,344,187,385,233
2012-09-21_07_50_15.jpg,1280,720,occupied,429,268,469,309
2012-09-21_07_50_15.jpg,1280,720,occupied,412,189,454,230
2012-09-21_07_50_15.jpg,1280,720,occupied,748,16,779,42
2012-09-21_07_50_15.jpg,1280,720,occupied,643,317,692,365
2012-09-21_07_50_15.jpg,1280,720,occupied,538,420,589,477
2012-09-21_07_50_15.jpg,1280,720,occupied,214,416,273,471
2012-09-21_07_50_15.jpg,1280,720,occupied,273,309,326,361
2012-09-21_07_50_15.jpg,1280,720,occupied,280,191,323,226
2012-09-21_07_50_15.jpg,1280,720,occupied,198,303,251,357
2012-09-21_07_50_15.jpg,1280,720,occupied,454,91,500,131
2012-09-21_07_50_15.jpg,1280,720,occupied,558,18,590,49
2012-09-21_07_50_15.jpg,1280,720,occupied,893,53,929,91
2012-09-21_07_50_15.jpg,1280,720,occupied,281,93,319,129
2012-09-21_07_50_15.jpg,1280,720,occupied,465,16,500,47
2012-09-21_07_50_15.jpg,1280,720,occupied,423,95,464,133
2012-09-21_07_50_15.jpg,1280,720,occupied,667,13,695,46
2012-09-21_07_50_15.jpg,1280,720,occupied,835,51,867,89
2012-09-21_07_50_15.jpg,1280,720,occupied,807,50,834,91
2012-09-21_07_50_15.jpg,1280,720,occupied,745,55,779,89
2012-09-21_07_50_15.jpg,1280,720,occupied,629,185,672,231
2012-09-21_07_50_15.jpg,1280,720,occupied,772,180,809,231
2012-09-21_07_50_15.jpg,1280,720,occupied,485,312,534,360
2012-09-21_07_50_15.jpg,1280,720,occupied,523,311,577,364
2012-09-21_07_50_15.jpg,1280,720,occupied,445,305,500,364
2012-09-21_07_50_15.jpg,1280,720,occupied,847,312,894,361
2012-09-21_07_50_15.jpg,1280,720,occupied,803,315,854,361
2012-09-21_08_30_16.jpg,1280,720,occupied,193,500,270,559
2012-09-21_08_30_16.jpg,1280,720,occupied,146,491,217,560
2012-09-21_08_30_16.jpg,1280,720,occupied,734,503,799,569
2012-09-21_08_30_16.jpg,1280,720,occupied,900,496,972,564
2012-09-21_08_30_16.jpg,1280,720,occupied,356,411,419,472
2012-09-21_08_30_16.jpg,1280,720,occupied,450,422,506,471
2012-09-21_08_30_16.jpg,1280,720,occupied,539,413,590,471
2012-09-21_08_30_16.jpg,1280,720,occupied,629,412,673,472
2012-09-21_08_30_16.jpg,1280,720,occupied,714,416,768,477
2012-09-21_08_30_16.jpg,1280,720,occupied,806,420,861,483
2012-09-21_08_30_16.jpg,1280,720,occupied,681,315,730,361
2012-09-21_08_30_16.jpg,1280,720,occupied,765,312,808,363
2012-09-21_08_30_16.jpg,1280,720,occupied,446,310,498,364
2012-09-21_08_30_16.jpg,1280,720,occupied,522,311,577,361
2012-09-21_08_30_16.jpg,1280,720,occupied,251,415,315,468
2012-09-21_08_30_16.jpg,1280,720,occupied,844,322,897,366
2012-09-21_08_30_16.jpg,1280,720,occupied,927,316,984,361
2012-09-21_08_30_16.jpg,1280,720,occupied,732,188,774,228
2012-09-21_08_30_16.jpg,1280,720,occupied,276,192,324,231
2012-09-21_08_30_16.jpg,1280,720,occupied,406,192,453,229
2012-09-21_08_30_16.jpg,1280,720,occupied,345,308,407,362
2012-09-21_08_30_16.jpg,1280,720,occupied,198,307,252,360
2012-09-21_08_30_16.jpg,1280,720,occupied,491,189,540,227
2012-09-21_08_30_16.jpg,1280,720,occupied,595,192,634,228
2012-09-21_08_30_16.jpg,1280,720,occupied,664,189,703,228
2012-09-21_08_30_16.jpg,1280,720,occupied,837,188,883,227
2012-09-21_08_30_16.jpg,1280,720,occupied,982,180,1033,220
2012-09-21_08_30_16.jpg,1280,720,occupied,615,87,657,127
2012-09-21_08_30_16.jpg,1280,720,occupied,427,153,466,188
2012-09-21_08_30_16.jpg,1280,720,occupied,472,62,504,95
2012-09-21_08_30_16.jpg,1280,720,occupied,771,86,809,126
2012-09-21_08_30_16.jpg,1280,720,occupied,894,81,940,121
2012-09-21_08_30_16.jpg,1280,720,occupied,962,80,1006,126
2012-09-21_08_30_16.jpg,1280,720,occupied,769,183,811,230
2012-09-21_08_30_16.jpg,1280,720,occupied,603,315,651,361
2012-09-21_08_30_16.jpg,1280,720,occupied,766,262,811,311
2012-09-21_08_30_16.jpg,1280,720,occupied,468,261,514,309
2012-09-21_08_30_16.jpg,1280,720,occupied,910,179,959,225
2012-09-21_08_30_16.jpg,1280,720,occupied,478,147,516,185
2012-09-21_08_30_16.jpg,1280,720,occupied,132,306,184,358
2012-09-21_08_30_16.jpg,1280,720,occupied,262,266,307,309
2012-09-21_08_30_16.jpg,1280,720,occupied,345,186,386,229
2012-09-21_08_30_16.jpg,1280,720,occupied,651,83,687,127
2012-09-21_08_30_16.jpg,1280,720,occupied,839,83,867,127
2012-09-21_08_30_16.jpg,1280,720,occupied,942,1,984,48
2012-09-21_08_30_16.jpg,1280,720,occupied,309,88,349,132
2012-09-21_08_30_16.jpg,1280,720,occupied,559,89,600,125
2012-09-21_08_30_16.jpg,1280,720,occupied,533,18,565,49
2012-09-21_08_30_16.jpg,1280,720,occupied,214,188,258,230
2012-09-21_08_30_16.jpg,1280,720,occupied,746,12,779,42
2012-09-21_08_30_16.jpg,1280,720,occupied,637,11,667,49
2012-09-21_08_30_16.jpg,1280,720,occupied,710,86,745,126
2012-09-21_08_30_16.jpg,1280,720,occupied,976,310,1027,360
2012-09-21_08_30_16.jpg,1280,720,occupied,957,263,1012,306
2012-09-21_08_30_16.jpg,1280,720,occupied,652,269,693,314
2012-09-21_08_30_16.jpg,1280,720,occupied,542,261,579,311
2012-09-21_08_30_16.jpg,1280,720,occupied,308,314,362,358
2012-09-21_08_30_16.jpg,1280,720,occupied,152,188,202,234
2012-09-21_08_30_16.jpg,1280,720,occupied,253,94,289,130
2012-09-21_08_30_16.jpg,1280,720,occupied,905,146,951,181
2012-09-21_08_30_16.jpg,1280,720,Free,295,511,367,563
2012-09-21_08_30_16.jpg,1280,720,Free,409,511,473,563
2012-09-21_08_30_16.jpg,1280,720,Free,515,510,582,562
2012-09-21_08_30_16.jpg,1280,720,Free,623,510,688,568
2012-09-21_08_30_16.jpg,1280,720,Free,849,513,910,575
2012-09-21_08_30_16.jpg,1280,720,Free,85,504,161,560
2012-09-21_08_30_16.jpg,1280,720,Free,1,501,78,557
2012-09-21_08_30_16.jpg,1280,720,Free,407,650,495,720
2012-09-21_08_45_17.jpg,1280,720,occupied,295,423,356,474
2012-09-21_08_45_17.jpg,1280,720,occupied,359,412,417,472
2012-09-21_08_45_17.jpg,1280,720,occupied,495,422,545,475
2012-09-21_08_45_17.jpg,1280,720,occupied,584,418,635,477
2012-09-21_08_45_17.jpg,1280,720,occupied,671,421,721,472
2012-09-21_08_45_17.jpg,1280,720,occupied,761,416,812,477
2012-09-21_08_45_17.jpg,1280,720,occupied,857,423,904,477
2012-09-21_08_45_17.jpg,1280,720,occupied,951,424,1002,479
2012-09-21_08_45_17.jpg,1280,720,occupied,351,314,412,361
2012-09-21_08_45_17.jpg,1280,720,occupied,494,183,541,233
2012-09-21_08_45_17.jpg,1280,720,occupied,598,182,637,227
2012-09-21_08_45_17.jpg,1280,720,occupied,663,182,706,227
2012-09-21_08_45_17.jpg,1280,720,occupied,771,186,809,226
2012-09-21_08_45_17.jpg,1280,720,occupied,376,186,422,229
2012-09-21_08_45_17.jpg,1280,720,occupied,123,307,178,359
2012-09-21_08_45_17.jpg,1280,720,occupied,245,188,294,227
2012-09-21_08_45_17.jpg,1280,720,occupied,562,319,612,354
2012-09-21_08_45_17.jpg,1280,720,occupied,640,306,692,363
2012-09-21_08_45_17.jpg,1280,720,occupied,721,306,770,364
2012-09-21_08_45_17.jpg,1280,720,occupied,847,307,897,369
2012-09-21_08_45_17.jpg,1280,720,occupied,485,309,536,362
2012-09-21_08_45_17.jpg,1280,720,occupied,929,311,986,370
2012-09-21_08_45_17.jpg,1280,720,occupied,732,178,774,227
2012-09-21_08_45_17.jpg,1280,720,occupied,873,179,919,227
2012-09-21_08_45_17.jpg,1280,720,occupied,832,79,873,122
2012-09-21_08_45_17.jpg,1280,720,occupied,891,80,940,123
2012-09-21_08_45_17.jpg,1280,720,occupied,562,90,597,128
2012-09-21_08_45_17.jpg,1280,720,occupied,452,90,503,130
2012-09-21_08_45_17.jpg,1280,720,occupied,367,92,401,129
2012-09-21_08_45_17.jpg,1280,720,occupied,306,92,350,131
2012-09-21_08_45_17.jpg,1280,720,occupied,153,194,195,234
2012-09-21_08_45_17.jpg,1280,720,occupied,126,190,165,233
2012-09-21_08_45_17.jpg,1280,720,occupied,708,89,745,123
2012-09-21_08_45_17.jpg,1280,720,occupied,945,182,995,229
2012-09-21_08_45_17.jpg,1280,720,occupied,234,311,287,361
2012-09-21_08_45_17.jpg,1280,720,occupied,137,484,212,561
2012-09-21_08_45_17.jpg,1280,720,occupied,199,488,271,561
2012-09-21_08_45_17.jpg,1280,720,occupied,1040,422,1108,483
2012-09-21_08_45_17.jpg,1280,720,occupied,1019,310,1084,376
2012-09-21_08_45_17.jpg,1280,720,occupied,306,189,356,230
2012-09-21_08_45_17.jpg,1280,720,occupied,929,81,972,124
2012-09-28_07_56_02.jpg,1280,720,occupied,670,422,722,477
2012-09-28_07_56_02.jpg,1280,720,occupied,589,412,630,475
2012-09-28_07_56_02.jpg,1280,720,occupied,403,408,462,472
2012-09-28_07_56_02.jpg,1280,720,occupied,490,411,548,476
2012-09-28_07_56_02.jpg,1280,720,occupied,252,414,305,471
2012-09-28_07_56_02.jpg,1280,720,occupied,293,408,347,470
2012-09-28_07_56_02.jpg,1280,720,occupied,348,308,405,361
2012-09-28_07_56_02.jpg,1280,720,occupied,273,300,328,359
2012-09-28_07_56_02.jpg,1280,720,occupied,198,308,251,358
2012-09-28_07_56_02.jpg,1280,720,occupied,487,304,539,359
2012-09-28_07_56_02.jpg,1280,720,occupied,564,305,610,359
2012-09-28_07_56_02.jpg,1280,720,occupied,89,304,147,360
2012-09-28_07_56_02.jpg,1280,720,occupied,726,309,769,363
2012-09-28_07_56_02.jpg,1280,720,occupied,765,309,809,368
2012-09-28_07_56_02.jpg,1280,720,occupied,647,311,685,368
2012-09-28_07_56_02.jpg,1280,720,occupied,460,190,501,227
2012-09-28_07_56_02.jpg,1280,720,occupied,275,189,321,228
2012-09-28_07_56_02.jpg,1280,720,occupied,402,189,452,232
2012-09-28_07_56_02.jpg,1280,720,occupied,529,195,569,227
2012-09-28_07_56_02.jpg,1280,720,occupied,669,185,701,229
2012-09-28_07_56_02.jpg,1280,720,occupied,215,190,260,234
2012-09-28_07_56_02.jpg,1280,720,occupied,443,306,497,360
2012-09-28_07_56_02.jpg,1280,720,occupied,736,183,773,224
2012-09-28_07_56_02.jpg,1280,720,occupied,775,179,805,225
2012-09-28_07_56_02.jpg,1280,720,occupied,761,420,816,482
2012-09-28_07_56_02.jpg,1280,720,occupied,940,143,984,183
2012-09-28_07_56_02.jpg,1280,720,occupied,579,269,619,309
2012-09-28_07_56_02.jpg,1280,720,occupied,653,264,697,310
2012-09-28_07_56_02.jpg,1280,720,occupied,672,154,708,188
2012-09-28_07_56_02.jpg,1280,720,occupied,829,79,873,123
2012-09-28_07_56_02.jpg,1280,720,occupied,562,93,588,131
2012-09-28_07_56_02.jpg,1280,720,occupied,772,83,806,128
2012-09-28_07_56_02.jpg,1280,720,occupied,617,92,651,126
2012-09-28_07_56_02.jpg,1280,720,occupied,558,183,606,236
2012-09-28_07_56_02.jpg,1280,720,occupied,395,90,437,131
2012-09-28_07_56_02.jpg,1280,720,occupied,681,86,715,126
2012-09-28_07_56_02.jpg,1280,720,occupied,502,88,538,131
2012-09-28_07_56_02.jpg,1280,720,occupied,309,88,349,128
2012-09-28_07_56_02.jpg,1280,720,Free,845,323,899,364
2012-09-28_07_56_02.jpg,1280,720,Free,929,322,982,362
2012-09-28_07_56_02.jpg,1280,720,Free,879,267,936,312
2012-09-28_07_56_02.jpg,1280,720,Free,850,426,909,478
2012-09-28_07_56_02.jpg,1280,720,Free,941,427,1009,482
2012-09-28_07_56_02.jpg,1280,720,Free,1036,423,1108,483
2012-09-28_07_56_02.jpg,1280,720,Free,1010,321,1073,364
2012-09-28_07_56_02.jpg,1280,720,Free,958,267,1013,307
2012-09-28_07_56_02.jpg,1280,720,Free,840,190,882,230
2012-09-28_07_56_02.jpg,1280,720,Free,907,189,956,226
2012-09-28_07_56_02.jpg,1280,720,Free,979,192,1030,220
2012-09-28_07_56_02.jpg,1280,720,Free,835,152,877,183
2012-09-28_07_56_02.jpg,1280,720,Free,803,270,851,310
2012-09-28_07_56_02.jpg,1280,720,Free,728,263,772,311
2012-09-28_07_56_02.jpg,1280,720,Free,895,92,938,125
2012-09-28_07_56_02.jpg,1280,720,Free,960,91,1006,122
2012-09-28_07_56_02.jpg,1280,720,Free,740,89,773,132
2012-09-28_08_06_02.jpg,1280,720,Free,588,94,626,134
2012-09-28_08_06_02.jpg,1280,720,Free,805,190,843,229
2012-09-28_08_06_02.jpg,1280,720,Free,878,188,916,232
2012-09-28_08_06_02.jpg,1280,720,Free,956,185,990,238
2012-09-28_08_06_02.jpg,1280,720,Free,803,264,851,309
2012-09-28_08_06_02.jpg,1280,720,Free,884,267,928,311
2012-09-28_08_06_02.jpg,1280,720,Free,967,263,1012,314
2012-09-28_08_06_02.jpg,1280,720,Free,931,317,980,367
2012-09-28_08_06_02.jpg,1280,720,Free,975,317,1023,372
2012-09-28_08_06_02.jpg,1280,720,Free,1041,432,1105,488
2012-09-28_08_06_02.jpg,1280,720,Free,865,89,914,128
2012-09-28_08_06_02.jpg,1280,720,Free,740,90,773,124
2012-09-28_08_06_02.jpg,1280,720,Free,803,90,843,131
2012-09-28_08_06_02.jpg,1280,720,occupied,441,22,469,51
2012-09-28_08_06_02.jpg,1280,720,occupied,490,20,526,52
2012-09-28_08_06_02.jpg,1280,720,occupied,534,21,563,55
2012-09-28_08_06_02.jpg,1280,720,occupied,589,16,617,49
2012-09-28_08_06_02.jpg,1280,720,occupied,642,11,672,44
2012-09-28_08_06_02.jpg,1280,720,occupied,651,91,689,127
2012-09-28_08_06_02.jpg,1280,720,occupied,685,56,721,91
2012-09-28_08_06_02.jpg,1280,720,occupied,439,66,476,96
2012-09-28_08_06_02.jpg,1280,720,occupied,357,62,395,94
2012-09-28_08_06_02.jpg,1280,720,occupied,397,88,439,133
2012-09-28_08_06_02.jpg,1280,720,occupied,307,65,340,95
2012-09-28_08_06_02.jpg,1280,720,occupied,745,53,778,92
2012-09-28_08_06_02.jpg,1280,720,occupied,804,55,840,94
2012-09-28_08_06_02.jpg,1280,720,occupied,864,47,898,90
2012-09-28_08_06_02.jpg,1280,720,occupied,930,50,961,93
2012-09-28_08_06_02.jpg,1280,720,occupied,955,48,995,89
2012-09-28_08_06_02.jpg,1280,720,occupied,740,143,775,188
2012-09-28_08_06_02.jpg,1280,720,occupied,671,143,704,194
2012-09-28_08_06_02.jpg,1280,720,occupied,573,144,603,196
2012-09-28_08_06_02.jpg,1280,720,occupied,474,149,511,190
2012-09-28_08_06_02.jpg,1280,720,occupied,506,147,544,184
2012-09-28_08_06_02.jpg,1280,720,occupied,428,151,465,187
2012-09-28_08_06_02.jpg,1280,720,occupied,390,150,428,188
2012-09-28_08_06_02.jpg,1280,720,occupied,329,155,373,185
2012-09-28_08_06_02.jpg,1280,720,occupied,314,188,354,232
2012-09-28_08_06_02.jpg,1280,720,occupied,504,92,536,127
2012-09-28_08_06_02.jpg,1280,720,occupied,808,8,837,44
2012-09-28_08_06_02.jpg,1280,720,occupied,215,190,261,233
2012-09-28_08_06_02.jpg,1280,720,occupied,229,95,268,128
2012-09-28_08_06_02.jpg,1280,720,occupied,699,13,724,43
2012-09-28_08_06_02.jpg,1280,720,occupied,723,13,748,43
2012-09-28_08_06_02.jpg,1280,720,occupied,750,9,779,52
2012-09-28_08_06_02.jpg,1280,720,occupied,777,9,805,45
2012-09-28_08_06_02.jpg,1280,720,occupied,862,5,892,43
2012-09-28_08_06_02.jpg,1280,720,occupied,343,24,370,53
2012-09-28_08_06_02.jpg,1280,720,occupied,345,308,405,359
2012-09-28_08_06_02.jpg,1280,720,occupied,362,419,410,471
2012-09-28_08_06_02.jpg,1280,720,occupied,451,414,508,472
2012-09-28_08_06_02.jpg,1280,720,occupied,538,416,591,473
2012-09-28_08_06_02.jpg,1280,720,occupied,625,418,679,476
2012-09-28_08_06_02.jpg,1280,720,occupied,672,417,721,475
2012-09-28_08_06_02.jpg,1280,720,occupied,762,416,813,483
2012-09-28_08_06_02.jpg,1280,720,occupied,852,416,906,483
2012-09-28_08_06_02.jpg,1280,720,occupied,954,419,1000,486
2012-09-28_08_06_02.jpg,1280,720,occupied,996,417,1054,488
2012-09-28_08_06_02.jpg,1280,720,occupied,537,261,585,314
2012-09-28_08_06_02.jpg,1280,720,occupied,579,261,621,308
2012-09-28_08_06_02.jpg,1280,720,occupied,565,303,614,367
2012-09-28_08_06_02.jpg,1280,720,occupied,484,311,536,361
2012-09-28_08_06_02.jpg,1280,720,occupied,311,308,359,363
2012-09-28_08_06_02.jpg,1280,720,occupied,690,260,734,307
2012-09-28_08_06_02.jpg,1280,720,occupied,728,257,772,305
2012-09-28_08_06_02.jpg,1280,720,occupied,648,266,695,310
2012-09-28_08_06_02.jpg,1280,720,occupied,612,262,660,307
2012-09-28_08_06_02.jpg,1280,720,occupied,497,263,543,311
2012-09-28_08_06_02.jpg,1280,720,occupied,297,266,341,303
2012-09-28_08_06_02.jpg,1280,720,occupied,494,191,536,234
2012-09-28_08_06_02.jpg,1280,720,occupied,906,146,951,186
2012-09-28_08_06_02.jpg,1280,720,occupied,943,140,984,185
2012-09-28_08_06_02.jpg,1280,720,occupied,405,186,455,231
2012-09-28_08_06_02.jpg,1280,720,occupied,128,189,169,233
2012-09-28_08_11_03.jpg,1280,720,occupied,451,416,504,478
2012-09-28_08_11_03.jpg,1280,720,occupied,443,311,494,358
2012-09-28_08_11_03.jpg,1280,720,occupied,523,306,574,358
2012-09-28_08_11_03.jpg,1280,720,occupied,602,314,650,360
2012-09-28_08_11_03.jpg,1280,720,occupied,643,311,691,366
2012-09-28_08_11_03.jpg,1280,720,occupied,721,311,768,360
2012-09-28_08_11_03.jpg,1280,720,occupied,255,414,301,470
2012-09-28_08_11_03.jpg,1280,720,occupied,290,408,339,472
2012-09-28_08_11_03.jpg,1280,720,occupied,356,418,409,467
2012-09-28_08_11_03.jpg,1280,720,occupied,536,419,588,472
2012-09-28_08_11_03.jpg,1280,720,occupied,623,418,677,473
2012-09-28_08_11_03.jpg,1280,720,occupied,717,411,762,475
2012-09-28_08_11_03.jpg,1280,720,occupied,809,416,855,480
2012-09-28_08_11_03.jpg,1280,720,occupied,853,416,908,486
2012-09-28_08_11_03.jpg,1280,720,occupied,901,418,956,485
2012-09-28_08_11_03.jpg,1280,720,occupied,947,422,1010,489
2012-09-28_08_11_03.jpg,1280,720,occupied,995,416,1057,494
2012-09-28_08_11_03.jpg,1280,720,occupied,777,87,808,124
2012-09-28_08_11_03.jpg,1280,720,occupied,843,308,892,363
2012-09-28_08_11_03.jpg,1280,720,occupied,923,264,967,311
2012-09-28_08_11_03.jpg,1280,720,occupied,807,261,846,316
2012-09-28_08_11_03.jpg,1280,720,occupied,728,261,766,311
2012-09-28_08_11_03.jpg,1280,720,occupied,647,262,696,309
2012-09-28_08_11_03.jpg,1280,720,occupied,538,266,583,306
2012-09-28_08_11_03.jpg,1280,720,occupied,345,308,401,361
2012-09-28_08_11_03.jpg,1280,720,occupied,312,189,356,231
2012-09-28_08_11_03.jpg,1280,720,occupied,868,82,899,117
2012-09-28_08_11_03.jpg,1280,720,occupied,834,83,867,119
2012-09-28_08_11_03.jpg,1280,720,occupied,406,186,451,232
2012-09-28_08_11_03.jpg,1280,720,occupied,277,188,324,230
2012-09-28_08_11_03.jpg,1280,720,occupied,804,179,841,222
2012-09-28_08_11_03.jpg,1280,720,occupied,594,184,634,229
2012-09-28_08_11_03.jpg,1280,720,occupied,632,183,667,237
2012-09-28_08_11_03.jpg,1280,720,occupied,669,178,704,231
2012-09-28_08_11_03.jpg,1280,720,occupied,359,150,398,182
2012-09-28_08_11_03.jpg,1280,720,occupied,429,154,469,183
2012-09-28_08_11_03.jpg,1280,720,occupied,467,148,509,187
2012-09-28_08_11_03.jpg,1280,720,occupied,341,94,373,125
2012-09-28_08_11_03.jpg,1280,720,occupied,422,94,465,126
2012-09-28_08_11_03.jpg,1280,720,occupied,503,95,534,124
2012-09-28_08_11_03.jpg,1280,720,occupied,723,8,751,43
2012-09-28_08_11_03.jpg,1280,720,occupied,747,10,779,39
2012-09-28_08_11_03.jpg,1280,720,occupied,800,10,834,39
2012-09-28_08_11_03.jpg,1280,720,occupied,864,10,894,37
2012-09-28_08_11_03.jpg,1280,720,occupied,920,5,943,38
2012-09-28_08_11_03.jpg,1280,720,occupied,413,22,442,54
2012-09-28_08_11_03.jpg,1280,720,occupied,239,153,274,187
2012-09-28_08_11_03.jpg,1280,720,occupied,190,191,228,224
2012-09-28_08_11_03.jpg,1280,720,occupied,284,94,323,129
2012-09-28_08_11_03.jpg,1280,720,Free,885,320,940,366
2012-09-28_08_11_03.jpg,1280,720,Free,928,319,984,364
2012-09-28_08_11_03.jpg,1280,720,Free,971,315,1025,366
2012-09-28_08_11_03.jpg,1280,720,Free,840,268,891,313
2012-09-28_08_11_03.jpg,1280,720,Free,881,262,928,311
2012-09-28_08_11_03.jpg,1280,720,Free,963,264,1015,317
2012-09-28_08_11_03.jpg,1280,720,Free,801,85,841,137
2012-09-28_08_11_03.jpg,1280,720,Free,895,87,939,125
2012-09-28_08_11_03.jpg,1280,720,Free,867,147,913,186
2012-09-28_08_11_03.jpg,1280,720,Free,836,145,870,186
2012-09-28_08_11_03.jpg,1280,720,Free,836,183,888,231
2012-09-28_08_11_03.jpg,1280,720,Free,872,186,923,228
2012-09-28_08_11_03.jpg,1280,720,Free,906,186,958,225
2012-09-28_08_11_03.jpg,1280,720,Free,945,193,996,227
2012-09-28_08_11_03.jpg,1280,720,Free,927,86,973,127
2012-09-28_08_11_03.jpg,1280,720,Free,979,184,1034,230
2012-10-11_07_36_48.jpg,1280,720,Free,157,321,217,363
2012-10-11_07_36_48.jpg,1280,720,Free,201,323,255,362
2012-10-11_07_36_48.jpg,1280,720,Free,234,325,291,365
2012-10-11_07_36_48.jpg,1280,720,Free,273,317,325,362
2012-10-11_07_36_48.jpg,1280,720,Free,485,321,538,364
2012-10-11_07_36_48.jpg,1280,720,Free,527,316,574,361
2012-10-11_07_36_48.jpg,1280,720,Free,560,318,613,362
2012-10-11_07_36_48.jpg,1280,720,Free,603,316,651,364
2012-10-11_07_36_48.jpg,1280,720,Free,536,270,583,309
2012-10-11_07_36_48.jpg,1280,720,Free,465,270,512,311
2012-10-11_07_36_48.jpg,1280,720,Free,334,268,382,309
2012-10-11_07_36_48.jpg,1280,720,Free,429,266,480,305
2012-10-11_07_36_48.jpg,1280,720,Free,374,194,418,232
2012-10-11_07_36_48.jpg,1280,720,Free,308,194,355,232
2012-10-11_07_36_48.jpg,1280,720,Free,245,197,288,240
2012-10-11_07_36_48.jpg,1280,720,Free,393,155,440,195
2012-10-11_07_36_48.jpg,1280,720,Free,429,150,467,190
2012-10-11_07_36_48.jpg,1280,720,Free,504,155,548,192
2012-10-11_07_36_48.jpg,1280,720,Free,540,158,580,192
2012-10-11_07_36_48.jpg,1280,720,Free,559,191,606,234
2012-10-11_07_36_48.jpg,1280,720,Free,460,200,501,232
2012-10-11_07_36_48.jpg,1280,720,Free,529,194,570,236
2012-10-11_07_36_48.jpg,1280,720,Free,625,191,672,231
2012-10-11_07_36_48.jpg,1280,720,Free,697,186,741,233
2012-10-11_07_36_48.jpg,1280,720,Free,633,155,675,194
2012-10-11_07_36_48.jpg,1280,720,Free,572,154,610,191
2012-10-11_07_36_48.jpg,1280,720,Free,703,150,741,191
2012-10-11_07_36_48.jpg,1280,720,Free,767,184,809,233
2012-10-11_07_36_48.jpg,1280,720,Free,654,63,686,100
2012-10-11_07_36_48.jpg,1280,720,Free,802,60,834,96
2012-10-11_07_36_48.jpg,1280,720,Free,931,52,961,92
2012-10-11_07_36_48.jpg,1280,720,Free,840,189,880,234
2012-10-11_07_36_48.jpg,1280,720,Free,771,150,806,189
2012-10-11_07_36_48.jpg,1280,720,Free,686,267,733,319
2012-10-11_07_36_48.jpg,1280,720,Free,767,264,807,315
2012-10-11_07_36_48.jpg,1280,720,Free,612,262,659,313
2012-10-11_07_36_48.jpg,1280,720,Free,844,269,889,311
2012-10-11_07_36_48.jpg,1280,720,Free,806,319,850,369
2012-10-11_07_36_48.jpg,1280,720,Free,453,98,495,134
2012-10-11_07_36_48.jpg,1280,720,Free,498,100,540,134
2012-10-11_07_36_48.jpg,1280,720,Free,557,98,596,136
2012-10-11_07_36_48.jpg,1280,720,Free,591,94,625,131
2012-10-11_07_36_48.jpg,1280,720,Free,647,94,687,128
2012-10-11_07_36_48.jpg,1280,720,Free,774,15,809,53
2012-10-11_07_36_48.jpg,1280,720,occupied,364,416,416,473
2012-10-11_07_36_48.jpg,1280,720,occupied,491,411,554,479
2012-10-11_07_36_48.jpg,1280,720,occupied,577,416,634,483
2012-10-11_07_36_48.jpg,1280,720,occupied,64,409,118,462
2012-10-11_07_36_48.jpg,1280,720,occupied,133,416,183,468
2012-10-11_07_36_48.jpg,1280,720,occupied,970,317,1027,365
2012-10-11_07_36_48.jpg,1280,720,occupied,833,55,866,97
2012-10-11_07_36_48.jpg,1280,720,occupied,908,6,948,42
2012-10-11_07_36_48.jpg,1280,720,occupied,213,193,261,232
2012-10-11_07_36_48.jpg,1280,720,occupied,191,268,236,306
2012-10-11_07_36_48.jpg,1280,720,occupied,123,311,183,361
2012-10-11_07_36_48.jpg,1280,720,occupied,210,420,273,466
2012-10-11_07_36_48.jpg,1280,720,occupied,295,412,347,472
2012-10-11_07_36_48.jpg,1280,720,occupied,62,269,106,307
2012-10-11_07_36_48.jpg,1280,720,occupied,149,102,181,136
2012-10-11_07_36_48.jpg,1280,720,occupied,226,98,262,133
2012-10-11_07_36_48.jpg,1280,720,occupied,285,93,317,128
2012-10-11_07_36_48.jpg,1280,720,occupied,509,67,539,100
2012-10-11_07_36_48.jpg,1280,720,occupied,539,64,574,100
2012-10-11_07_36_48.jpg,1280,720,occupied,624,60,659,98
2012-10-11_07_36_48.jpg,1280,720,occupied,438,23,469,52
2012-10-11_07_36_48.jpg,1280,720,occupied,383,25,418,53
2012-10-11_07_36_48.jpg,1280,720,occupied,360,23,385,57
2012-10-11_07_36_48.jpg,1280,720,occupied,309,27,340,59
2012-10-11_07_36_48.jpg,1280,720,occupied,122,188,166,233
2012-10-11_07_36_48.jpg,1280,720,occupied,154,152,192,189
2012-10-11_07_36_48.jpg,1280,720,occupied,206,155,250,190
2012-10-11_07_36_48.jpg,1280,720,occupied,265,156,306,191
2012-10-11_07_36_48.jpg,1280,720,occupied,611,10,645,55
2012-10-11_07_36_48.jpg,1280,720,occupied,558,23,590,50
2012-10-11_07_36_48.jpg,1280,720,occupied,530,22,560,54
2012-10-11_07_36_48.jpg,1280,720,occupied,672,141,709,188
2012-10-11_07_36_48.jpg,1280,720,occupied,397,97,430,132
2012-10-11_07_36_48.jpg,1280,720,occupied,4,193,50,234
2012-10-11_07_36_48.jpg,1280,720,occupied,92,105,131,139
2012-10-11_07_36_48.jpg,1280,720,occupied,93,159,134,190
2012-10-11_07_36_48.jpg,1280,720,occupied,237,30,266,59
2012-10-11_07_51_49.jpg,1280,720,occupied,716,423,767,477
2012-10-11_07_51_49.jpg,1280,720,occupied,627,421,674,475
2012-10-11_07_51_49.jpg,1280,720,occupied,722,305,767,363
2012-10-11_07_51_49.jpg,1280,720,occupied,561,311,615,366
2012-10-11_07_51_49.jpg,1280,720,occupied,485,314,531,362
2012-10-11_07_51_49.jpg,1280,720,occupied,273,306,321,363
2012-10-11_07_51_49.jpg,1280,720,occupied,290,415,348,473
2012-10-11_07_51_49.jpg,1280,720,occupied,406,418,456,473
2012-10-11_07_51_49.jpg,1280,720,occupied,351,489,416,566
2012-10-11_07_51_49.jpg,1280,720,occupied,771,177,806,227
2012-10-11_07_51_49.jpg,1280,720,occupied,839,181,884,228
2012-10-11_07_51_49.jpg,1280,720,occupied,405,191,451,233
2012-10-11_07_51_49.jpg,1280,720,occupied,637,146,674,190
2012-10-11_07_51_49.jpg,1280,720,occupied,534,417,583,480
2012-10-11_07_51_49.jpg,1280,720,occupied,648,260,695,314
2012-10-11_07_51_49.jpg,1280,720,occupied,374,187,416,227
2012-10-11_07_51_49.jpg,1280,720,occupied,674,144,704,191
2012-10-11_07_51_49.jpg,1280,720,occupied,345,313,403,364
2012-10-11_07_51_49.jpg,1280,720,occupied,131,409,184,476
2012-10-11_07_51_49.jpg,1280,720,occupied,218,184,260,234
2012-10-11_07_51_49.jpg,1280,720,occupied,279,186,321,229
2012-10-11_07_51_49.jpg,1280,720,occupied,477,151,512,189
2012-10-11_07_51_49.jpg,1280,720,occupied,545,148,576,189
2012-10-11_07_51_49.jpg,1280,720,occupied,573,148,612,186
2012-10-11_07_51_49.jpg,1280,720,occupied,393,145,434,189
2012-10-11_07_51_49.jpg,1280,720,occupied,356,147,397,189
2012-10-11_07_51_49.jpg,1280,720,occupied,292,157,334,187
2012-10-11_07_51_49.jpg,1280,720,occupied,282,93,316,130
2012-10-11_07_51_49.jpg,1280,720,occupied,334,94,373,130
2012-10-11_07_51_49.jpg,1280,720,occupied,438,66,472,99
2012-10-11_07_51_49.jpg,1280,720,occupied,467,61,506,100
2012-10-11_07_51_49.jpg,1280,720,occupied,656,53,686,95
2012-10-11_07_51_49.jpg,1280,720,occupied,714,57,748,99
2012-10-11_07_51_49.jpg,1280,720,occupied,775,55,805,93
2012-10-11_07_51_49.jpg,1280,720,occupied,835,50,868,97
2012-10-11_07_51_49.jpg,1280,720,occupied,893,55,932,85
2012-10-11_07_51_49.jpg,1280,720,occupied,954,52,991,88
2012-10-11_07_51_49.jpg,1280,720,occupied,385,22,415,53
2012-10-11_07_51_49.jpg,1280,720,occupied,333,22,365,53
2012-10-11_07_51_49.jpg,1280,720,occupied,224,95,264,134
2012-10-11_07_51_49.jpg,1280,720,occupied,200,95,235,139
2012-10-11_07_51_49.jpg,1280,720,occupied,93,192,134,239
2012-10-11_07_51_49.jpg,1280,720,occupied,667,16,694,50
2012-10-11_07_51_49.jpg,1280,720,occupied,530,19,563,50
2012-10-11_07_51_49.jpg,1280,720,occupied,490,18,526,54
2012-10-11_07_51_49.jpg,1280,720,occupied,440,23,468,54
2012-10-11_07_51_49.jpg,1280,720,occupied,144,102,184,134
2012-10-11_07_51_49.jpg,1280,720,occupied,259,26,288,59
2012-10-11_07_51_49.jpg,1280,720,Free,640,321,690,370
2012-10-11_07_51_49.jpg,1280,720,Free,602,316,650,369
2012-10-11_07_51_49.jpg,1280,720,Free,768,319,810,360
2012-10-11_07_51_49.jpg,1280,720,Free,762,427,814,480
2012-10-11_07_51_49.jpg,1280,720,Free,808,422,859,485
2012-10-11_07_51_49.jpg,1280,720,Free,669,420,721,478
2012-10-11_07_51_49.jpg,1280,720,Free,806,316,851,371
2012-10-11_07_51_49.jpg,1280,720,Free,850,309,895,369
2012-10-11_07_51_49.jpg,1280,720,Free,886,323,942,372
2012-10-11_07_51_49.jpg,1280,720,Free,943,427,1006,485
2012-10-11_07_51_49.jpg,1280,720,Free,991,432,1055,488
2012-10-11_07_51_49.jpg,1280,720,Free,921,270,968,315
2012-10-11_07_51_49.jpg,1280,720,Free,878,266,932,316
2012-10-11_07_51_49.jpg,1280,720,Free,844,272,887,318
2012-10-11_07_51_49.jpg,1280,720,Free,805,267,846,313
2012-10-11_07_51_49.jpg,1280,720,Free,661,192,704,233
2012-10-11_07_51_49.jpg,1280,720,Free,629,191,671,234
2012-10-11_07_51_49.jpg,1280,720,Free,703,150,742,189
2012-10-11_07_51_49.jpg,1280,720,Free,734,149,774,192
2012-10-11_07_51_49.jpg,1280,720,Free,425,151,471,190
2012-10-11_07_51_49.jpg,1280,720,Free,558,96,596,135
2012-10-11_07_51_49.jpg,1280,720,Free,651,96,684,131
2012-10-11_07_51_49.jpg,1280,720,Free,682,89,716,131
2012-10-11_07_51_49.jpg,1280,720,Free,738,89,774,130
2012-10-11_07_51_49.jpg,1280,720,Free,772,85,811,125
2012-10-11_07_51_49.jpg,1280,720,Free,832,92,871,137
2012-10-11_07_51_49.jpg,1280,720,Free,982,183,1033,232
2012-10-11_07_56_44.jpg,1280,720,Free,643,315,689,372
2012-10-11_07_56_44.jpg,1280,720,Free,684,310,728,368
2012-10-11_07_56_44.jpg,1280,720,Free,764,321,806,371
2012-10-11_07_56_44.jpg,1280,720,Free,846,322,895,377
2012-10-11_07_56_44.jpg,1280,720,Free,893,320,935,377
2012-10-11_07_56_44.jpg,1280,720,Free,725,257,771,306
2012-10-11_07_56_44.jpg,1280,720,Free,766,268,808,309
2012-10-11_07_56_44.jpg,1280,720,Free,847,269,886,317
2012-10-11_07_56_44.jpg,1280,720,Free,926,261,969,318
2012-10-11_07_56_44.jpg,1280,720,Free,802,189,844,235
2012-10-11_07_56_44.jpg,1280,720,Free,729,184,775,236
2012-10-11_07_56_44.jpg,1280,720,Free,701,151,745,190
2012-10-11_07_56_44.jpg,1280,720,Free,734,149,775,191
2012-10-11_07_56_44.jpg,1280,720,Free,802,146,843,190
2012-10-11_07_56_44.jpg,1280,720,Free,836,139,877,180
2012-10-11_07_56_44.jpg,1280,720,Free,867,147,917,192
2012-10-11_07_56_44.jpg,1280,720,Free,805,423,859,479
2012-10-11_07_56_44.jpg,1280,720,Free,901,426,955,481
2012-10-11_07_56_44.jpg,1280,720,Free,945,429,1005,485
2012-10-11_07_56_44.jpg,1280,720,Free,993,433,1053,487
2012-10-11_07_56_44.jpg,1280,720,Free,1040,427,1101,485
2012-10-11_07_56_44.jpg,1280,720,Free,926,315,984,372
2012-10-11_07_56_44.jpg,1280,720,Free,912,187,951,232
2012-10-11_07_56_44.jpg,1280,720,Free,979,188,1032,228
2012-10-11_07_56_44.jpg,1280,720,Free,920,55,962,94
2012-10-11_07_56_44.jpg,1280,720,Free,772,90,803,135
2012-10-11_07_56_44.jpg,1280,720,Free,645,94,687,131
2012-10-11_07_56_44.jpg,1280,720,Free,680,93,716,135
2012-10-11_07_56_44.jpg,1280,720,Free,739,90,778,132
2012-10-11_07_56_44.jpg,1280,720,occupied,270,307,323,365
2012-10-11_07_56_44.jpg,1280,720,occupied,410,192,451,235
2012-10-11_07_56_44.jpg,1280,720,occupied,245,186,291,236
2012-10-11_07_56_44.jpg,1280,720,occupied,310,182,355,235
2012-10-11_07_56_44.jpg,1280,720,occupied,375,189,420,235
2012-10-11_07_56_44.jpg,1280,720,occupied,233,309,284,363
2012-10-11_07_56_44.jpg,1280,720,occupied,163,308,211,361
2012-10-11_07_56_44.jpg,1280,720,occupied,1058,301,1113,369
2012-10-11_07_56_44.jpg,1280,720,occupied,446,310,493,367
2012-10-11_07_56_44.jpg,1280,720,occupied,51,407,113,470
2012-10-11_07_56_44.jpg,1280,720,occupied,801,55,838,94
2012-10-11_07_56_44.jpg,1280,720,occupied,306,92,342,131
2012-10-11_07_56_44.jpg,1280,720,occupied,456,92,496,130
2012-10-11_07_56_44.jpg,1280,720,occupied,503,94,535,133
2012-10-11_07_56_44.jpg,1280,720,occupied,589,90,628,133
2012-10-11_07_56_44.jpg,1280,720,occupied,990,48,1024,89
2012-10-11_07_56_44.jpg,1280,720,occupied,338,22,369,54
2012-10-11_07_56_44.jpg,1280,720,occupied,383,26,414,58
2012-10-11_07_56_44.jpg,1280,720,occupied,438,23,471,55
2012-10-11_07_56_44.jpg,1280,720,occupied,536,22,560,56
2012-10-11_07_56_44.jpg,1280,720,occupied,589,17,614,50
2012-10-11_07_56_44.jpg,1280,720,occupied,639,16,668,50
2012-10-11_07_56_44.jpg,1280,720,occupied,691,10,720,52
2012-10-11_07_56_44.jpg,1280,720,occupied,745,11,776,47
2012-10-11_07_56_44.jpg,1280,720,occupied,492,193,537,238
2012-10-11_07_56_44.jpg,1280,720,occupied,372,258,425,308
2012-10-11_07_56_44.jpg,1280,720,occupied,427,264,472,307
2012-10-11_07_56_44.jpg,1280,720,occupied,228,266,277,306
2012-10-11_07_56_44.jpg,1280,720,occupied,118,267,170,308
2012-10-11_07_56_44.jpg,1280,720,occupied,406,421,461,477
2012-10-11_07_56_44.jpg,1280,720,occupied,491,411,550,476
2012-10-11_07_56_44.jpg,1280,720,occupied,563,309,613,365
2012-10-11_07_56_44.jpg,1280,720,occupied,595,186,637,229
2012-10-11_07_56_44.jpg,1280,720,occupied,573,144,617,185
2012-10-11_07_56_44.jpg,1280,720,occupied,3,191,48,234
2012-10-11_07_56_44.jpg,1280,720,occupied,147,101,183,131
2012-10-11_07_56_44.jpg,1280,720,occupied,186,191,230,229
2012-10-11_07_56_44.jpg,1280,720,occupied,371,89,405,128
2012-10-11_07_56_44.jpg,1280,720,occupied,917,11,948,40
2012-10-16_07_36_46.jpg,1280,720,occupied,563,310,613,365
2012-10-16_07_36_46.jpg,1280,720,occupied,486,311,533,365
2012-10-16_07_36_46.jpg,1280,720,occupied,311,311,358,361
2012-10-16_07_36_46.jpg,1280,720,occupied,236,310,291,363
2012-10-16_07_36_46.jpg,1280,720,occupied,162,311,213,363
2012-10-16_07_36_46.jpg,1280,720,occupied,254,416,309,472
2012-10-16_07_36_46.jpg,1280,720,occupied,213,413,267,467
2012-10-16_07_36_46.jpg,1280,720,occupied,356,420,410,476
2012-10-16_07_36_46.jpg,1280,720,occupied,401,417,451,471
2012-10-16_07_36_46.jpg,1280,720,occupied,447,413,500,475
2012-10-16_07_36_46.jpg,1280,720,occupied,493,414,545,477
2012-10-16_07_36_46.jpg,1280,720,occupied,535,416,591,480
2012-10-16_07_36_46.jpg,1280,720,occupied,666,419,720,475
2012-10-16_07_36_46.jpg,1280,720,occupied,763,420,810,479
2012-10-16_07_36_46.jpg,1280,720,occupied,947,425,1007,488
2012-10-16_07_36_46.jpg,1280,720,occupied,124,416,182,470
2012-10-16_07_36_46.jpg,1280,720,occupied,128,307,179,358
2012-10-16_07_36_46.jpg,1280,720,occupied,295,266,343,312
2012-10-16_07_36_46.jpg,1280,720,occupied,376,188,422,233
2012-10-16_07_36_46.jpg,1280,720,occupied,345,186,385,234
2012-10-16_07_36_46.jpg,1280,720,occupied,307,185,356,234
2012-10-16_07_36_46.jpg,1280,720,occupied,460,190,505,229
2012-10-16_07_36_46.jpg,1280,720,occupied,560,189,608,230
2012-10-16_07_36_46.jpg,1280,720,occupied,506,150,546,194
2012-10-16_07_36_46.jpg,1280,720,occupied,423,149,467,192
2012-10-16_07_36_46.jpg,1280,720,occupied,295,150,335,187
2012-10-16_07_36_46.jpg,1280,720,occupied,329,146,367,184
2012-10-16_07_36_46.jpg,1280,720,occupied,361,155,396,191
2012-10-16_07_36_46.jpg,1280,720,occupied,234,157,276,194
2012-10-16_07_36_46.jpg,1280,720,occupied,154,185,195,231
2012-10-16_07_36_46.jpg,1280,720,occupied,283,97,319,128
2012-10-16_07_36_46.jpg,1280,720,occupied,229,94,266,127
2012-10-16_07_36_46.jpg,1280,720,occupied,618,88,654,129
2012-10-16_07_36_46.jpg,1280,720,occupied,396,98,427,129
2012-10-16_07_36_46.jpg,1280,720,occupied,340,94,376,128
2012-10-16_07_36_46.jpg,1280,720,occupied,91,192,136,232
2012-10-16_07_36_46.jpg,1280,720,occupied,203,100,234,131
2012-10-16_07_36_46.jpg,1280,720,occupied,504,96,535,130
2012-10-16_07_36_46.jpg,1280,720,occupied,543,66,570,94
2012-10-16_07_36_46.jpg,1280,720,occupied,684,55,715,93
2012-10-16_07_36_46.jpg,1280,720,occupied,742,58,774,89
2012-10-16_07_36_46.jpg,1280,720,occupied,804,57,838,91
2012-10-16_07_36_46.jpg,1280,720,occupied,862,57,899,92
2012-10-16_07_36_46.jpg,1280,720,occupied,490,23,522,55
2012-10-16_07_36_46.jpg,1280,720,occupied,640,12,668,50
2012-10-16_07_36_46.jpg,1280,720,occupied,642,311,690,366
2012-10-16_07_36_46.jpg,1280,720,occupied,688,307,724,368
2012-10-16_07_36_46.jpg,1280,720,occupied,650,260,695,316
2012-10-16_07_36_46.jpg,1280,720,occupied,579,264,623,308
2012-10-16_07_36_46.jpg,1280,720,occupied,540,262,580,310
2012-10-16_07_36_46.jpg,1280,720,occupied,500,259,545,310
2012-10-16_07_36_46.jpg,1280,720,occupied,463,263,504,306
2012-10-16_07_36_46.jpg,1280,720,occupied,423,263,468,311
2012-10-16_07_36_46.jpg,1280,720,occupied,373,270,420,313
2012-10-16_10_03_31.jpg,1280,720,occupied,526,311,572,363
2012-10-16_10_03_31.jpg,1280,720,occupied,564,313,608,366
2012-10-16_10_03_31.jpg,1280,720,occupied,604,311,645,366
2012-10-16_10_03_31.jpg,1280,720,occupied,613,262,657,311
2012-10-16_10_03_31.jpg,1280,720,occupied,688,255,728,311
2012-10-16_10_03_31.jpg,1280,720,occupied,723,304,773,361
2012-10-16_10_03_31.jpg,1280,720,occupied,765,305,811,363
2012-10-16_10_03_31.jpg,1280,720,occupied,850,310,893,366
2012-10-16_10_03_31.jpg,1280,720,occupied,888,308,936,361
2012-10-16_10_03_31.jpg,1280,720,occupied,928,311,987,370
2012-10-16_10_03_31.jpg,1280,720,occupied,998,421,1056,490
2012-10-16_10_03_31.jpg,1280,720,occupied,854,414,909,484
2012-10-16_10_03_31.jpg,1280,720,occupied,806,425,860,485
2012-10-16_10_03_31.jpg,1280,720,occupied,670,416,721,479
2012-10-16_10_03_31.jpg,1280,720,occupied,625,417,674,475
2012-10-16_10_03_31.jpg,1280,720,occupied,582,418,633,474
2012-10-16_10_03_31.jpg,1280,720,occupied,540,419,588,475
2012-10-16_10_03_31.jpg,1280,720,occupied,451,414,501,471
2012-10-16_10_03_31.jpg,1280,720,occupied,357,417,412,472
2012-10-16_10_03_31.jpg,1280,720,occupied,407,415,452,475
2012-10-16_10_03_31.jpg,1280,720,occupied,294,419,346,471
2012-10-16_10_03_31.jpg,1280,720,occupied,255,415,309,470
2012-10-16_10_03_31.jpg,1280,720,occupied,205,416,262,472
2012-10-16_10_03_31.jpg,1280,720,occupied,167,418,222,473
2012-10-16_10_03_31.jpg,1280,720,occupied,126,416,176,465
2012-10-16_10_03_31.jpg,1280,720,occupied,271,309,323,361
2012-10-16_10_03_31.jpg,1280,720,occupied,313,305,365,356
2012-10-16_10_03_31.jpg,1280,720,occupied,349,310,403,356
2012-10-16_10_03_31.jpg,1280,720,occupied,410,312,454,354
2012-10-16_10_03_31.jpg,1280,720,occupied,501,266,539,312
2012-10-16_10_03_31.jpg,1280,720,occupied,529,186,569,227
2012-10-16_10_03_31.jpg,1280,720,occupied,283,189,321,225
2012-10-16_10_03_31.jpg,1280,720,occupied,345,186,387,230
2012-10-16_10_03_31.jpg,1280,720,occupied,409,191,458,233
2012-10-16_10_03_31.jpg,1280,720,occupied,227,268,277,308
2012-10-16_10_03_31.jpg,1280,720,occupied,161,267,205,308
2012-10-16_10_03_31.jpg,1280,720,occupied,90,307,145,364
2012-10-16_10_03_31.jpg,1280,720,occupied,184,187,228,232
2012-10-16_10_03_31.jpg,1280,720,Free,540,270,588,310
2012-10-16_10_03_31.jpg,1280,720,Free,577,264,620,311
2012-10-16_10_03_31.jpg,1280,720,Free,879,266,929,313
2012-10-16_10_03_31.jpg,1280,720,Free,410,497,460,568
2012-10-16_10_03_31.jpg,1280,720,Free,460,509,530,576
2012-10-16_10_03_31.jpg,1280,720,Free,571,503,634,571
2012-10-16_10_03_31.jpg,1280,720,Free,675,504,740,571
2012-10-16_10_03_31.jpg,1280,720,Free,792,504,851,576
2012-10-16_10_03_31.jpg,1280,720,Free,851,505,904,577
2012-10-16_10_03_31.jpg,1280,720,Free,45,505,110,556
